{
  "config": "config/base.yaml",
  "value_iteration": {
    "iterations": 1375,
    "runtime_ms": 307.915,
    "mean_utility": 94.049345,
    "delta": 1.006369316769451e-06
  },
  "policy_iteration": {
    "iterations": 2810,
    "runtime_ms": 156.465,
    "mean_utility": 94.049445,
    "delta": 6.677930031173673e-07
  },
  "comparison": {
    "max_utility_diff": 9.963050571570875e-05,
    "policy_mismatches": 0
  }
}
