maze_size,value_iteration_iterations,value_iteration_runtime_ms,value_iteration_mean_utility,policy_iteration_iterations,policy_iteration_runtime_ms,policy_iteration_mean_utility,policy_mismatches
7,1375,376.27,92.407394,2505,181.199,92.407493,0
9,1361,687.324,78.909978,3402,442.225,78.910018,0
11,1361,1023.675,75.980002,2830,550.358,75.980094,0
13,1375,1474.54,85.823608,2936,844.812,85.823704,0
15,1361,1939.654,74.638951,5102,1958.552,74.639041,0
17,1361,2558.762,73.871966,5531,2700.895,73.872055,0
